<?xml version="1.0" encoding="UTF-8" standalone="yes"?>
<diagram version="9" type="SAF Operational Domain Item Diagram" baseType="Class Diagram" abbreviation="SAF_O2_ODIK" category="SAF Diagrams">
    <stereotype id="_19_0_4_26f0132_1630062793069_290685_155"/>
    <requiredPlugin>com.nomagic.magicdraw.plugins.impl.sysml#SysML;UML_Standard_Profile.mdzip;MD_customization_for_SysML.mdzip</requiredPlugin>
    <helpID>https://github.com/GfSE/SAF-Specification/blob/main/developing-saf/viewpoints/Operational-Domain-Item-Kind-Viewpoint.md</helpID>
    <toolbarConfiguration>
        <category name="Common" id="COMMON_ELEMENTS_STATIC" expandedByDefault="false">
            <icon type="small" size="16" filename="mdp://resource/com/nomagic/magicdraw/icons/packagenode.png"></icon>
            <icon type="large" size="16" filename="mdp://resource/com/nomagic/magicdraw/icons/packagenode.svg"></icon>
            <actions>
                <group>
                    <standard action="ADD_NOTE" shortcut="pressed N "/>
                    <standard action="ADD_NOTE_ANCHOR" shortcut="pressed H "/>
                </group>
                <standard action="ADD_COMMENT"/>
                <custom type="com.nomagic.uml2.ext.magicdraw.classes.mdkernel.Comment" description="Problem" listAsElement="false" opposite="false" id="IDaction_1161258471734_623304_0">
                    <stereotype id="_11_5EAPbeta_be00301_1147421421037_25607_638"/>
                </custom>
                <custom type="com.nomagic.uml2.ext.magicdraw.classes.mdkernel.Comment" description="Rationale" listAsElement="false" opposite="false" id="IDaction_1161258490265_865153_0">
                    <stereotype id="_11_5EAPbeta_be00301_1147421401018_777370_546"/>
                </custom>
                <custom type="com.nomagic.uml2.ext.magicdraw.classes.mdkernel.Comment" description="Element Group" listAsElement="false" opposite="false" id="IDaction_1392204622179_642598_0">
                    <stereotype id="_17_0_5beta_17530432_1382588727729_600191_12925"/>
                </custom>
                <group>
                    <standard action="CONSTRAINT_ACTION"/>
                    <standard action="DURATION_CONSTRAINT_ACTION"/>
                    <standard action="TIME_CONSTRAINT_ACTION"/>
                </group>
                <group>
                    <standard action="ADD_CONTAINMENT_LINK" shortcut="shift pressed C "/>
                    <standard action="ADD_CONTAINMENT_LINK_OPPOSITE" shortcut="shift pressed K "/>
                </group>
                <group>
                    <custom type="com.nomagic.uml2.ext.magicdraw.classes.mddependencies.Abstraction" description="Abstraction" shortcut="pressed T " listAsElement="false" opposite="false" id="IDaction_1336037660788_456573_0"/>
                </group>
                <standard action="ADD_DEPENDENCY" shortcut="shift pressed D "/>
                <custom type="com.nomagic.uml2.ext.magicdraw.classes.mddependencies.Abstraction" description="Allocate" listAsElement="false" opposite="false" id="IDaction_1161258505703_142954_0">
                    <stereotype id="_11_5EAPbeta_be00301_1147866646230_488749_1541"/>
                    <defaults>
                        <PropertyVisitorAcceptor xmlns:xmi="http://www.omg.org/spec/XMI/20131001">
                            <mdElement elementClass="PropertyManager">
<mdElement elementClass="ChoiceProperty">
    <propertyID>visibility</propertyID>
    <value>public</value>
    <choice xmi:value="public^private^protected^package"/>
    <index xmi:value="0"/>
</mdElement>
                            </mdElement>
                        </PropertyVisitorAcceptor>
                    </defaults>
                </custom>
                <standard action="ADD_REALIZE" shortcut="pressed E "/>
                <standard action="ADD_DIAGRAM_OVERVIEW"/>
                <standard action="ADD_DIAGRAM_LEGEND"/>
                <standard action="ADD_TEXT_BOX" shortcut="pressed X "/>
                <group>
                    <standard action="ADD_SEPARATOR" shortcut="pressed W "/>
                    <standard action="ADD_SEPARATOR_VERTICAL"/>
                    <standard action="ADD_RECTANGULAR_SHAPE" shortcut="shift pressed Q "/>
                </group>
            </actions>
        </category>
        <category name="Operational Domain Item Diagram" id="action_category_1156164534125_948326_0" expandedByDefault="true">
            <icon type="small" size="16" filename="mdp://resource/com/nomagic/magicdraw/sysml/icons/diagrams/blockdefinitiondiagram.png"></icon>
            <icon type="large" size="16" filename="mdp://resource/com/nomagic/magicdraw/sysml/icons/diagrams/blockdefinitiondiagram.svg"></icon>
            <actions>
                <standard action="ADD_PACKAGE" shortcut="pressed P "/>
                <custom type="com.nomagic.uml2.ext.magicdraw.classes.mdkernel.Class" description="Class«SAF_OperationalDomainKind»" listAsElement="false" opposite="false" id="IDaction_1702321588968_112929_0">
                    <stereotype id="_19_0_4_6d8019d_1618158382195_41606_448"/>
                </custom>
                <group>
                    <standard action="ADD_DIRECTED_ASSOCIATION"/>
                    <standard action="ADD_ASSOCIATION" shortcut="pressed S "/>
                </group>
                <group>
                    <standard action="ADD_DIRECTED_COMPOSITION"/>
                    <standard action="ADD_COMPOSITION" shortcut="pressed F "/>
                </group>
                <group>
                    <standard action="ADD_GENERALIZATION" shortcut="pressed G "/>
                    <standard action="ADD_GENERALIZATION_OPPOSITE" shortcut="shift pressed G "/>
                </group>
            </actions>
        </category>
    </toolbarConfiguration>
    <icon type="small" size="16" filename="mdp://resource/com/nomagic/magicdraw/sysml/icons/diagrams/blockdefinitiondiagram.png"></icon>
    <icon type="diagraming" size="-1" filename="mdp://resource/com/nomagic/magicdraw/sysml/icons/diagrams/blockdefinitiondiagram.svg"></icon>
    <module name="SAF_Profile.mdzip" location="C:\tools\magicdraw\md_baseline_prj_GenericStandardBaseline\profiles\SAF_Profile.mdzip">
        <root id="_19_0_1_26f0132_1547201695683_137485_42117"/>
    </module>
    <module name="UML_Standard_Profile.mdzip" location="C:\tools\magicdraw\md_baseline_prj_GenericStandardBaseline\profiles\UML_Standard_Profile.mdzip">
        <root id="magicdraw_uml_standard_profile_v_0001"/>
    </module>
    <module name="MD_customization_for_SysML.mdzip" location="C:\tools\magicdraw\md_baseline_prj_GenericStandardBaseline\profiles\MD_customization_for_SysML.mdzip">
        <root id="_12_0EAPbeta_be00301_1156851270584_552173_1"/>
    </module>
    <elementstyle name="Class">
        <PropertyVisitorAcceptor xmlns:xmi="http://www.omg.org/spec/XMI/20131001">
            <mdElement elementClass="PropertyManager">
                <mdElement elementClass="ChoiceProperty">
                    <propertyID>STEREOTYPES_DISPLAY_MODE</propertyID>
                    <value>STEREOTYPE_DISPLAY_MODE_DO_NOT_DISPLAY_STEREOTYPES</value>
                    <choice xmi:value="STEREOTYPE_DISPLAY_MODE_TEXT_AND_ICON^STEREOTYPE_DISPLAY_MODE_TEXT^STEREOTYPE_DISPLAY_MODE_ICON^STEREOTYPE_DISPLAY_MODE_SHAPE_IMAGE_AND_TEXT^STEREOTYPE_DISPLAY_MODE_SHAPE_IMAGE^STEREOTYPE_DISPLAY_MODE_DO_NOT_DISPLAY_STEREOTYPES"/>
                    <index xmi:value="5"/>
                </mdElement>
                <mdElement elementClass="ChoiceProperty">
                    <propertyID>SHOW_ASSOCIATION_ENDS_MODE</propertyID>
                    <propertyGroup>ATTRIBUTES</propertyGroup>
                    <value>WITHOUT_ASSOCIATION</value>
                    <choice xmi:value="ALL^WITHOUT_ASSOCIATION^DO_NOT_DISPLAY"/>
                    <index xmi:value="1"/>
                </mdElement>
                <mdElement elementClass="BooleanProperty">
                    <propertyID>SUPPRESS_CLASS_OPERATIONS</propertyID>
                    <propertyGroup>OPERATIONS</propertyGroup>
                    <value xmi:value="true"/>
                </mdElement>
            </mdElement>
        </PropertyVisitorAcceptor>
    </elementstyle>
    <elementstyle name="AssociationClass">
        <PropertyVisitorAcceptor xmlns:xmi="http://www.omg.org/spec/XMI/20131001">
            <mdElement elementClass="PropertyManager">
                <mdElement elementClass="ChoiceProperty">
                    <propertyID>STEREOTYPES_DISPLAY_MODE</propertyID>
                    <value>STEREOTYPE_DISPLAY_MODE_DO_NOT_DISPLAY_STEREOTYPES</value>
                    <choice xmi:value="STEREOTYPE_DISPLAY_MODE_TEXT_AND_ICON^STEREOTYPE_DISPLAY_MODE_TEXT^STEREOTYPE_DISPLAY_MODE_ICON^STEREOTYPE_DISPLAY_MODE_SHAPE_IMAGE_AND_TEXT^STEREOTYPE_DISPLAY_MODE_SHAPE_IMAGE^STEREOTYPE_DISPLAY_MODE_DO_NOT_DISPLAY_STEREOTYPES"/>
                    <index xmi:value="5"/>
                </mdElement>
            </mdElement>
        </PropertyVisitorAcceptor>
    </elementstyle>
    <manipulators>
        <element>com.nomagic.uml2.ext.magicdraw.classes.mdkernel.Package</element>
        <path action="ADD_CONTAINMENT_LINK_OPPOSITE">
            <target>ADD_PACKAGE</target>
        </path>
        <path action="ADD_DEPENDENCY">
            <target>ADD_PACKAGE</target>
            <target>ADD_INTERFACE</target>
            <target>ADD_DATA_TYPE</target>
        </path>
        <path action="ADD_PACKAGE_IMPORT_RELATIONSHIP"/>
        <path action="ADD_ELEMENT_IMPORT"/>
        <path action="ADD_NOTE_ANCHOR">
            <target>ADD_NOTE</target>
            <target>ADD_COMMENT</target>
            <target>IDaction_1161258471734_623304_0</target>
            <target>IDaction_1161258490265_865153_0</target>
        </path>
    </manipulators>
    <manipulators>
        <stereotype id="_19_0_4_6d8019d_1618158382195_41606_448" name="SAF_OperationalDomainKind"/>
        <path action="ADD_DIRECTED_COMPOSITION">
            <target>IDaction_1702321588968_112929_0</target>
        </path>
        <path action="ADD_GENERALIZATION">
            <target>IDaction_1702321588968_112929_0</target>
        </path>
        <path action="ADD_GENERALIZATION_OPPOSITE">
            <target>IDaction_1702321588968_112929_0</target>
        </path>
        <path action="ADD_ASSOCIATION">
            <target>IDaction_1702321588968_112929_0</target>
        </path>
    </manipulators>
    <manipulators>
        <stereotype id="_11_5EAPbeta_be00301_1147873190330_159934_2220" name="Requirement"/>
        <path action="ADD_DEPENDENCY">
            <target>ADD_INTERFACE</target>
            <target>ADD_DATA_TYPE</target>
            <target>ADD_PACKAGE</target>
        </path>
        <path action="ADD_NOTE_ANCHOR">
            <target>ADD_NOTE</target>
            <target>ADD_COMMENT</target>
            <target>IDaction_1161258471734_623304_0</target>
            <target>IDaction_1161258490265_865153_0</target>
        </path>
    </manipulators>
</diagram>
