<?xml version="1.0" encoding="UTF-8" standalone="yes"?>
<diagram version="9" type="SAF Operational Process Diagram" baseType="Activity Diagram" abbreviation="SAF_O3_OPRO" category="SAF Diagrams">
    <stereotype id="_19_0_3_26f0132_1600503062173_139730_1994"/>
    <requiredPlugin>com.nomagic.magicdraw.plugins.impl.sysml#SysML;UML_Standard_Profile.mdzip;MD_customization_for_SysML.mdzip;SAF_Profile.mdzip</requiredPlugin>
    <helpID>https://github.com/GfSE/SAF-Specification/blob/main/viewpoints/Operational-Process-Viewpoint.md</helpID>
    <toolbarConfiguration>
        <category name="Common" id="COMMON_ELEMENTS_STATIC" expandedByDefault="false">
            <icon type="small" size="16" filename="mdp://resource/com/nomagic/magicdraw/icons/packagenode.png"></icon>
            <icon type="large" size="16" filename="mdp://resource/com/nomagic/magicdraw/icons/packagenode.svg"></icon>
            <actions>
                <group>
                    <standard action="ADD_NOTE" shortcut="pressed N "/>
                    <standard action="ADD_NOTE_ANCHOR" shortcut="pressed H "/>
                </group>
                <standard action="ADD_COMMENT"/>
                <custom type="com.nomagic.uml2.ext.magicdraw.classes.mdkernel.Comment" description="Problem" listAsElement="false" opposite="false" id="IDaction_1161258471734_623304_0">
                    <stereotype id="_11_5EAPbeta_be00301_1147421421037_25607_638"/>
                </custom>
                <custom type="com.nomagic.uml2.ext.magicdraw.classes.mdkernel.Comment" description="Rationale" listAsElement="false" opposite="false" id="IDaction_1161258490265_865153_0">
                    <stereotype id="_11_5EAPbeta_be00301_1147421401018_777370_546"/>
                </custom>
                <custom type="com.nomagic.uml2.ext.magicdraw.classes.mdkernel.Comment" description="Element Group" listAsElement="false" opposite="false" id="IDaction_1392204622179_642598_0">
                    <stereotype id="_17_0_5beta_17530432_1382588727729_600191_12925"/>
                </custom>
                <group>
                    <standard action="CONSTRAINT_ACTION"/>
                    <standard action="DURATION_CONSTRAINT_ACTION"/>
                    <standard action="TIME_CONSTRAINT_ACTION"/>
                </group>
                <group>
                    <custom type="com.nomagic.uml2.ext.magicdraw.classes.mdkernel.Class" description="Requirement" listAsElement="false" opposite="false" id="IDaction_1156744065875_532307_0">
                        <stereotype id="_11_5EAPbeta_be00301_1147873190330_159934_2220"/>
                        <defaults>
                            <PropertyVisitorAcceptor xmlns:xmi="http://www.omg.org/spec/XMI/20131001">
<mdElement elementClass="PropertyManager">
    <mdElement elementClass="BooleanProperty">
        <propertyID>isActive</propertyID>
    </mdElement>
    <mdElement elementClass="BooleanProperty">
        <propertyID>isAbstract</propertyID>
    </mdElement>
    <mdElement elementClass="BooleanProperty">
        <propertyID>isLeaf</propertyID>
    </mdElement>
    <mdElement elementClass="ChoiceProperty">
        <propertyID>visibility</propertyID>
        <value>public</value>
        <choice xmi:value="public^private^protected^package"/>
        <index xmi:value="0"/>
    </mdElement>
</mdElement>
                            </PropertyVisitorAcceptor>
                        </defaults>
                    </custom>
                    <custom type="com.nomagic.uml2.ext.magicdraw.classes.mdkernel.Class" description="Extended Requirement" listAsElement="false" opposite="false" id="IDaction_1175266369203_82605_0">
                        <stereotype id="_12_1_8740266_1172576734593_228534_190"/>
                        <defaults>
                            <PropertyVisitorAcceptor xmlns:xmi="http://www.omg.org/spec/XMI/20131001">
<mdElement elementClass="PropertyManager">
    <mdElement elementClass="BooleanProperty">
        <propertyID>isAbstract</propertyID>
    </mdElement>
    <mdElement elementClass="BooleanProperty">
        <propertyID>isActive</propertyID>
    </mdElement>
    <mdElement elementClass="BooleanProperty">
        <propertyID>isLeaf</propertyID>
    </mdElement>
    <mdElement elementClass="ChoiceProperty">
        <propertyID>visibility</propertyID>
        <value>public</value>
        <choice xmi:value="public^private^protected^package"/>
        <index xmi:value="0"/>
    </mdElement>
</mdElement>
                            </PropertyVisitorAcceptor>
                        </defaults>
                    </custom>
                    <custom type="com.nomagic.uml2.ext.magicdraw.classes.mdkernel.Class" description="Business Requirement" listAsElement="false" opposite="false" id="IDaction_1175266340265_517071_0">
                        <stereotype id="_12_1_8740266_1172577924546_705207_930"/>
                        <defaults>
                            <PropertyVisitorAcceptor xmlns:xmi="http://www.omg.org/spec/XMI/20131001">
<mdElement elementClass="PropertyManager">
    <mdElement elementClass="BooleanProperty">
        <propertyID>isAbstract</propertyID>
    </mdElement>
    <mdElement elementClass="BooleanProperty">
        <propertyID>isActive</propertyID>
    </mdElement>
    <mdElement elementClass="BooleanProperty">
        <propertyID>isLeaf</propertyID>
    </mdElement>
    <mdElement elementClass="ChoiceProperty">
        <propertyID>visibility</propertyID>
        <value>public</value>
        <choice xmi:value="public^private^protected^package"/>
        <index xmi:value="0"/>
    </mdElement>
</mdElement>
                            </PropertyVisitorAcceptor>
                        </defaults>
                    </custom>
                    <custom type="com.nomagic.uml2.ext.magicdraw.classes.mdkernel.Class" description="Usability Requirement" listAsElement="false" opposite="false" id="IDaction_1175266432984_360963_0">
                        <stereotype id="_12_1_8740266_1172576899359_902879_864"/>
                        <defaults>
                            <PropertyVisitorAcceptor xmlns:xmi="http://www.omg.org/spec/XMI/20131001">
<mdElement elementClass="PropertyManager">
    <mdElement elementClass="BooleanProperty">
        <propertyID>isAbstract</propertyID>
    </mdElement>
    <mdElement elementClass="BooleanProperty">
        <propertyID>isActive</propertyID>
    </mdElement>
    <mdElement elementClass="BooleanProperty">
        <propertyID>isLeaf</propertyID>
    </mdElement>
    <mdElement elementClass="ChoiceProperty">
        <propertyID>visibility</propertyID>
        <value>public</value>
        <choice xmi:value="public^private^protected^package"/>
        <index xmi:value="0"/>
    </mdElement>
</mdElement>
                            </PropertyVisitorAcceptor>
                        </defaults>
                    </custom>
                    <custom type="com.nomagic.uml2.ext.magicdraw.classes.mdkernel.Class" description="Functional Requirement" listAsElement="false" opposite="false" id="IDaction_1175266385015_68561_0">
                        <stereotype id="_12_1_8740266_1172576734609_530688_194"/>
                        <defaults>
                            <PropertyVisitorAcceptor xmlns:xmi="http://www.omg.org/spec/XMI/20131001">
<mdElement elementClass="PropertyManager">
    <mdElement elementClass="BooleanProperty">
        <propertyID>isAbstract</propertyID>
    </mdElement>
    <mdElement elementClass="BooleanProperty">
        <propertyID>isActive</propertyID>
    </mdElement>
    <mdElement elementClass="BooleanProperty">
        <propertyID>isLeaf</propertyID>
    </mdElement>
    <mdElement elementClass="ChoiceProperty">
        <propertyID>visibility</propertyID>
        <value>public</value>
        <choice xmi:value="public^private^protected^package"/>
        <index xmi:value="0"/>
    </mdElement>
</mdElement>
                            </PropertyVisitorAcceptor>
                        </defaults>
                    </custom>
                    <custom type="com.nomagic.uml2.ext.magicdraw.classes.mdkernel.Class" description="Interface Requirement" listAsElement="false" opposite="false" id="IDaction_1175266456468_906979_0">
                        <stereotype id="_12_1_8740266_1172576734609_387880_196"/>
                        <defaults>
                            <PropertyVisitorAcceptor xmlns:xmi="http://www.omg.org/spec/XMI/20131001">
<mdElement elementClass="PropertyManager">
    <mdElement elementClass="BooleanProperty">
        <propertyID>isAbstract</propertyID>
    </mdElement>
    <mdElement elementClass="BooleanProperty">
        <propertyID>isActive</propertyID>
    </mdElement>
    <mdElement elementClass="BooleanProperty">
        <propertyID>isLeaf</propertyID>
    </mdElement>
    <mdElement elementClass="ChoiceProperty">
        <propertyID>visibility</propertyID>
        <value>public</value>
        <choice xmi:value="public^private^protected^package"/>
        <index xmi:value="0"/>
    </mdElement>
</mdElement>
                            </PropertyVisitorAcceptor>
                        </defaults>
                    </custom>
                    <custom type="com.nomagic.uml2.ext.magicdraw.classes.mdkernel.Class" description="Performance Requirement" listAsElement="false" opposite="false" id="IDaction_1175266397140_680839_0">
                        <stereotype id="_12_1_8740266_1172576734609_725391_198"/>
                        <defaults>
                            <PropertyVisitorAcceptor xmlns:xmi="http://www.omg.org/spec/XMI/20131001">
<mdElement elementClass="PropertyManager">
    <mdElement elementClass="BooleanProperty">
        <propertyID>isAbstract</propertyID>
    </mdElement>
    <mdElement elementClass="BooleanProperty">
        <propertyID>isActive</propertyID>
    </mdElement>
    <mdElement elementClass="BooleanProperty">
        <propertyID>isLeaf</propertyID>
    </mdElement>
    <mdElement elementClass="ChoiceProperty">
        <propertyID>visibility</propertyID>
        <value>public</value>
        <choice xmi:value="public^private^protected^package"/>
        <index xmi:value="0"/>
    </mdElement>
</mdElement>
                            </PropertyVisitorAcceptor>
                        </defaults>
                    </custom>
                    <custom type="com.nomagic.uml2.ext.magicdraw.classes.mdkernel.Class" description="Physical Requirement" listAsElement="false" opposite="false" id="IDaction_1175266411843_288541_0">
                        <stereotype id="_12_1_8740266_1172576734609_380772_200"/>
                        <defaults>
                            <PropertyVisitorAcceptor xmlns:xmi="http://www.omg.org/spec/XMI/20131001">
<mdElement elementClass="PropertyManager">
    <mdElement elementClass="BooleanProperty">
        <propertyID>isAbstract</propertyID>
    </mdElement>
    <mdElement elementClass="BooleanProperty">
        <propertyID>isActive</propertyID>
    </mdElement>
    <mdElement elementClass="BooleanProperty">
        <propertyID>isLeaf</propertyID>
    </mdElement>
    <mdElement elementClass="ChoiceProperty">
        <propertyID>visibility</propertyID>
        <value>public</value>
        <choice xmi:value="public^private^protected^package"/>
        <index xmi:value="0"/>
    </mdElement>
</mdElement>
                            </PropertyVisitorAcceptor>
                        </defaults>
                    </custom>
                    <custom type="com.nomagic.uml2.ext.magicdraw.classes.mdkernel.Class" description="Design Constraint" listAsElement="false" opposite="false" id="IDaction_1175266358750_362981_0">
                        <stereotype id="_12_1_8740266_1172576734609_234637_202"/>
                        <defaults>
                            <PropertyVisitorAcceptor xmlns:xmi="http://www.omg.org/spec/XMI/20131001">
<mdElement elementClass="PropertyManager">
    <mdElement elementClass="BooleanProperty">
        <propertyID>isAbstract</propertyID>
    </mdElement>
    <mdElement elementClass="BooleanProperty">
        <propertyID>isActive</propertyID>
    </mdElement>
    <mdElement elementClass="BooleanProperty">
        <propertyID>isLeaf</propertyID>
    </mdElement>
    <mdElement elementClass="ChoiceProperty">
        <propertyID>visibility</propertyID>
        <value>public</value>
        <choice xmi:value="public^private^protected^package"/>
        <index xmi:value="0"/>
    </mdElement>
</mdElement>
                            </PropertyVisitorAcceptor>
                        </defaults>
                    </custom>
                </group>
                <custom type="com.nomagic.uml2.ext.magicdraw.classes.mddependencies.Abstraction" description="Satisfy" listAsElement="false" opposite="false" id="IDaction_1550153298325_340280_0">
                    <stereotype id="_11_5EAPbeta_be00301_1147873165274_736484_2128"/>
                </custom>
                <custom type="com.nomagic.uml2.ext.magicdraw.classes.mddependencies.Abstraction" description="Refine" listAsElement="false" opposite="false" id="IDaction_1156921751890_878956_0">
                    <stereotype id="_17_0_5beta_17530432_1382584914591_39608_11809"/>
                    <buttonicon type="small" size="16" filename="mdp://resource/com/nomagic/requirements/icons/diagrams/refine-b.png"></buttonicon>
                    <buttonicon type="large" size="16" filename="mdp://resource/com/nomagic/requirements/icons/diagrams/refine-b.svg"></buttonicon>
                </custom>
                <custom type="com.nomagic.uml2.ext.magicdraw.classes.mddependencies.Abstraction" description="Verify" listAsElement="false" opposite="false" id="IDaction_1156744552750_594607_0">
                    <stereotype id="_11_5EAPbeta_be00301_1147873114711_445574_2026"/>
                    <defaults>
                        <PropertyVisitorAcceptor xmlns:xmi="http://www.omg.org/spec/XMI/20131001">
                            <mdElement elementClass="PropertyManager">
<mdElement elementClass="ChoiceProperty">
    <propertyID>visibility</propertyID>
    <value>public</value>
    <choice xmi:value="public^private^protected^package"/>
    <index xmi:value="0"/>
</mdElement>
                            </mdElement>
                        </PropertyVisitorAcceptor>
                    </defaults>
                </custom>
                <custom type="com.nomagic.uml2.ext.magicdraw.classes.mddependencies.Abstraction" description="Allocate" listAsElement="false" opposite="false" id="IDaction_1161258505703_142954_0">
                    <stereotype id="_11_5EAPbeta_be00301_1147866646230_488749_1541"/>
                    <defaults>
                        <PropertyVisitorAcceptor xmlns:xmi="http://www.omg.org/spec/XMI/20131001">
                            <mdElement elementClass="PropertyManager">
<mdElement elementClass="ChoiceProperty">
    <propertyID>visibility</propertyID>
    <value>public</value>
    <choice xmi:value="public^private^protected^package"/>
    <index xmi:value="0"/>
</mdElement>
                            </mdElement>
                        </PropertyVisitorAcceptor>
                    </defaults>
                </custom>
                <standard action="ADD_DIAGRAM_OVERVIEW"/>
                <standard action="ADD_DIAGRAM_LEGEND"/>
                <standard action="ADD_TEXT_BOX" shortcut="pressed X "/>
                <group>
                    <standard action="ADD_SEPARATOR" shortcut="pressed W "/>
                    <standard action="ADD_SEPARATOR_VERTICAL"/>
                    <standard action="ADD_RECTANGULAR_SHAPE" shortcut="shift pressed Q "/>
                </group>
            </actions>
        </category>
        <category name="SAF Operational Process Diagram" id="action_category_1156923660046_28999_0" expandedByDefault="true">
            <icon type="small" size="16" filename="mdp://resource/com/nomagic/magicdraw/sysml/icons/diagrams/activitydiagram.png"></icon>
            <icon type="large" size="16" filename="mdp://resource/com/nomagic/magicdraw/sysml/icons/diagrams/activitydiagram.svg"></icon>
            <actions>
                <custom type="com.nomagic.uml2.ext.magicdraw.actions.mdbasicactions.CallBehaviorAction" description="Call Behavior Action«SAF_OperationalProcessAction»" listAsElement="false" opposite="false" id="IDaction_1701948519885_234823_1">
                    <stereotype id="_19_0_4_6d8019d_1629824443819_231386_336"/>
                </custom>
                <standard action="ADD_ACTIVITY_PARAMETER_NODE"/>
                <standard action="ADD_CONTROL_FLOW" description="Control Flow" shortcut="pressed F ">
                    <buttonicon type="small" size="16" filename="mdp://resource/com/nomagic/magicdraw/sysml/icons/diagrams/controlflownode_dashed.png"></buttonicon>
                    <buttonicon type="large" size="16" filename="mdp://resource/com/nomagic/magicdraw/sysml/icons/diagrams/controlflownode_dashed.svg"></buttonicon>
                </standard>
                <standard action="ADD_OBJECT_FLOW" shortcut="shift pressed F "/>
                <standard action="ADD_INITIAL_NODE" shortcut="pressed T "/>
                <standard action="ADD_FINAL_NODE" shortcut="pressed D "/>
                <standard action="ADD_FLOW_FINAL_NODE_" shortcut="pressed L "/>
                <standard action="ADD_DECISION_NODE" shortcut="pressed G "/>
                <standard action="ADD_MERGE_NODE" shortcut="pressed M "/>
                <group>
                    <standard action="ADD_FORK_NODE_HORIZONTAL" shortcut="pressed K "/>
                    <standard action="ADD_FORK_NODE_VERTICAL" shortcut="shift pressed K "/>
                </group>
                <group>
                    <standard action="ADD_JOIN_NODE_HORIZONTAL" shortcut="pressed J "/>
                    <standard action="ADD_JOIN_NODE_VERTICAL" shortcut="shift pressed J "/>
                </group>
                <standard action="ADD_INPUT_PIN" shortcut="shift pressed I "/>
                <standard action="ADD_OUTPUT_PIN" shortcut="shift pressed O "/>
                <group>
                    <standard action="ADD_VERTICAL_SWIMLANE" shortcut="shift pressed V "/>
                    <standard action="ADD_HORIZONTAL_SWIMLANE" shortcut="shift pressed W "/>
                    <standard action="ADD_VERTICAL_HIERARCHICAL_SWIMLANE" shortcut="shift pressed H "/>
                    <standard action="ADD_HORIZONTAL_HIERARCHICAL_SWIMLANE" shortcut="shift pressed Z "/>
                    <standard action="ADD_MULTI_DIMENSIONAL_SWIMLANE" shortcut="shift pressed X "/>
                </group>
            </actions>
        </category>
    </toolbarConfiguration>
    <icon type="small" size="16" filename="mdp://resource/com/nomagic/magicdraw/sysml/icons/diagrams/activitydiagram.png"></icon>
    <icon type="diagraming" size="-1" filename="mdp://resource/com/nomagic/magicdraw/sysml/icons/diagrams/activitydiagram.svg"></icon>
    <module name="UML_Standard_Profile.mdzip" location="C:\tools\magicdraw\md_baseline_prj_GenericStandardBaseline\profiles\UML_Standard_Profile.mdzip">
        <root id="magicdraw_uml_standard_profile_v_0001"/>
    </module>
    <module name="MD_customization_for_SysML.mdzip" location="C:\tools\magicdraw\md_baseline_prj_GenericStandardBaseline\profiles\MD_customization_for_SysML.mdzip">
        <root id="_12_0EAPbeta_be00301_1156851270584_552173_1"/>
    </module>
    <module name="SAF_Profile.mdzip" location="C:\tools\magicdraw\md_baseline_prj_GenericStandardBaseline\profiles\SAF_Profile.mdzip">
        <root id="_19_0_1_26f0132_1547201695683_137485_42117"/>
    </module>
    <manipulators>
        <element>com.nomagic.uml2.ext.magicdraw.activities.mdintermediateactivities.DecisionNode</element>
        <path action="ADD_CONTROL_FLOW">
            <target>IDaction_1701948519885_234823_1</target>
            <target>ADD_DECISION_NODE</target>
            <target>ADD_MERGE_NODE</target>
            <target>ADD_JOIN_NODE_HORIZONTAL</target>
            <target>ADD_FORK_NODE_HORIZONTAL</target>
            <target>ADD_FINAL_NODE</target>
            <target>ADD_FLOW_FINAL_NODE_</target>
        </path>
        <path action="ADD_OBJECT_FLOW">
            <target>IDaction_1701948519885_234823_1</target>
            <target>ADD_ACTIVITY_PARAMETER_NODE</target>
        </path>
        <path action="ADD_NOTE_ANCHOR">
            <target>ADD_NOTE</target>
            <target>ADD_HTML_NOTE</target>
            <target>ADD_COMMENT</target>
            <target>ADD_HTML_COMMENT</target>
        </path>
    </manipulators>
    <manipulators>
        <element>com.nomagic.uml2.ext.magicdraw.activities.mdintermediateactivities.ForkNode</element>
        <path action="ADD_CONTROL_FLOW">
            <target>IDaction_1701948519885_234823_1</target>
            <target>ADD_DECISION_NODE</target>
            <target>ADD_MERGE_NODE</target>
            <target>ADD_JOIN_NODE_HORIZONTAL</target>
            <target>ADD_FORK_NODE_HORIZONTAL</target>
            <target>ADD_FINAL_NODE</target>
            <target>ADD_FLOW_FINAL_NODE_</target>
        </path>
        <path action="ADD_OBJECT_FLOW">
            <target>ADD_ACTIVITY_PARAMETER_NODE</target>
            <target>ADD_FORK_NODE_HORIZONTAL</target>
            <target>ADD_FLOW_FINAL_NODE_</target>
            <target>ADD_FINAL_NODE</target>
        </path>
        <path action="ADD_NOTE_ANCHOR">
            <target>ADD_NOTE</target>
            <target>ADD_HTML_NOTE</target>
        </path>
    </manipulators>
    <manipulators>
        <element>com.nomagic.uml2.ext.magicdraw.activities.mdbasicactivities.InitialNode</element>
        <path action="ADD_CONTROL_FLOW">
            <target>IDaction_1701948519885_234823_1</target>
            <target>ADD_DECISION_NODE</target>
            <target>ADD_FORK_NODE_HORIZONTAL</target>
            <target>ADD_FINAL_NODE</target>
            <target>ADD_FLOW_FINAL_NODE_</target>
        </path>
        <path action="ADD_NOTE_ANCHOR">
            <target>ADD_NOTE</target>
            <target>ADD_HTML_NOTE</target>
            <target>ADD_COMMENT</target>
            <target>ADD_HTML_COMMENT</target>
        </path>
    </manipulators>
    <manipulators>
        <element>com.nomagic.uml2.ext.magicdraw.activities.mdintermediateactivities.JoinNode</element>
        <path action="ADD_CONTROL_FLOW">
            <target>IDaction_1701948519885_234823_1</target>
            <target>ADD_DECISION_NODE</target>
            <target>ADD_MERGE_NODE</target>
            <target>ADD_JOIN_NODE_HORIZONTAL</target>
            <target>ADD_FORK_NODE_HORIZONTAL</target>
            <target>ADD_FINAL_NODE</target>
            <target>ADD_FLOW_FINAL_NODE_</target>
        </path>
        <path action="ADD_OBJECT_FLOW">
            <target>IDaction_1701948519885_234823_1</target>
            <target>ADD_ACTIVITY_PARAMETER_NODE</target>
        </path>
        <path action="ADD_NOTE_ANCHOR">
            <target>ADD_NOTE</target>
            <target>ADD_HTML_NOTE</target>
        </path>
    </manipulators>
    <manipulators>
        <element>com.nomagic.uml2.ext.magicdraw.activities.mdintermediateactivities.MergeNode</element>
        <path action="ADD_CONTROL_FLOW">
            <target>IDaction_1701948519885_234823_1</target>
            <target>ADD_DECISION_NODE</target>
            <target>ADD_MERGE_NODE</target>
            <target>ADD_JOIN_NODE_HORIZONTAL</target>
            <target>ADD_FORK_NODE_HORIZONTAL</target>
            <target>ADD_FINAL_NODE</target>
            <target>ADD_FLOW_FINAL_NODE_</target>
        </path>
        <path action="ADD_OBJECT_FLOW">
            <target>ADD_FLOW_FINAL_NODE_</target>
            <target>ADD_FINAL_NODE</target>
            <target>ADD_ACTIVITY_PARAMETER_NODE</target>
            <target>IDaction_1701948519885_234823_1</target>
        </path>
        <path action="ADD_NOTE_ANCHOR">
            <target>ADD_NOTE</target>
            <target>ADD_HTML_NOTE</target>
            <target>ADD_COMMENT</target>
            <target>ADD_HTML_COMMENT</target>
        </path>
    </manipulators>
    <manipulators>
        <element>com.nomagic.uml2.ext.magicdraw.actions.mdbasicactions.OutputPin</element>
        <path action="ADD_OBJECT_FLOW">
            <target>IDaction_1701948519885_234823_1</target>
            <target>ADD_ACTIVITY_PARAMETER_NODE</target>
            <target>ADD_FORK_NODE_HORIZONTAL</target>
            <target>ADD_FLOW_FINAL_NODE_</target>
            <target>ADD_FINAL_NODE</target>
        </path>
    </manipulators>
    <manipulators>
        <stereotype id="_12_1_8740266_1172576734593_228534_190" name="Extended Requirement"/>
        <path action="ADD_NOTE_ANCHOR">
            <target>ADD_NOTE</target>
            <target>ADD_COMMENT</target>
        </path>
    </manipulators>
    <manipulators>
        <stereotype id="_19_0_4_6d8019d_1629824443819_231386_336" name="SAF_OperationalProcessAction"/>
        <path action="ADD_OBJECT_FLOW">
            <target>IDaction_1701948519885_234823_1</target>
            <target>ADD_ACTIVITY_PARAMETER_NODE</target>
            <target>ADD_DECISION_NODE</target>
            <target>ADD_MERGE_NODE</target>
            <target>ADD_FORK_NODE_HORIZONTAL</target>
            <target>ADD_JOIN_NODE_HORIZONTAL</target>
            <target>ADD_FLOW_FINAL_NODE_</target>
            <target>ADD_FINAL_NODE</target>
        </path>
        <path action="ADD_CONTROL_FLOW">
            <target>IDaction_1701948519885_234823_1</target>
            <target>ADD_FORK_NODE_HORIZONTAL</target>
            <target>ADD_FLOW_FINAL_NODE_</target>
            <target>ADD_FINAL_NODE</target>
        </path>
    </manipulators>
    <manipulators>
        <stereotype id="_12_1_8740266_1172576734609_725391_198" name="Performance Requirement"/>
        <path action="ADD_NOTE_ANCHOR">
            <target>ADD_NOTE</target>
            <target>ADD_COMMENT</target>
        </path>
    </manipulators>
    <manipulators>
        <stereotype id="_12_1_8740266_1172576734609_530688_194" name="Functional Requirement"/>
        <path action="ADD_NOTE_ANCHOR">
            <target>ADD_NOTE</target>
            <target>ADD_COMMENT</target>
        </path>
    </manipulators>
    <manipulators>
        <stereotype id="_12_1_8740266_1172576734609_380772_200" name="Physical Requirement"/>
        <path action="ADD_NOTE_ANCHOR">
            <target>ADD_NOTE</target>
            <target>ADD_COMMENT</target>
        </path>
    </manipulators>
    <manipulators>
        <stereotype id="_12_1_8740266_1172576734609_387880_196" name="Interface Requirement"/>
        <path action="ADD_NOTE_ANCHOR">
            <target>ADD_NOTE</target>
            <target>ADD_COMMENT</target>
        </path>
    </manipulators>
    <manipulators>
        <stereotype id="_12_1_8740266_1172577924546_705207_930" name="Business Requirement"/>
        <path action="ADD_NOTE_ANCHOR">
            <target>ADD_NOTE</target>
            <target>ADD_COMMENT</target>
        </path>
    </manipulators>
    <manipulators>
        <stereotype id="_12_1_8740266_1172576899359_902879_864" name="Usability Requirement"/>
        <path action="ADD_NOTE_ANCHOR">
            <target>ADD_NOTE</target>
            <target>ADD_COMMENT</target>
        </path>
    </manipulators>
    <manipulators>
        <stereotype id="_11_5EAPbeta_be00301_1147873190330_159934_2220" name="Requirement"/>
        <path action="ADD_NOTE_ANCHOR">
            <target>ADD_NOTE</target>
            <target>ADD_COMMENT</target>
        </path>
    </manipulators>
    <manipulators>
        <stereotype id="_12_1_8740266_1172576734609_234637_202" name="Design Constraint"/>
        <path action="ADD_NOTE_ANCHOR">
            <target>ADD_NOTE</target>
            <target>ADD_COMMENT</target>
        </path>
    </manipulators>
</diagram>
