<?xml version="1.0" encoding="UTF-8" standalone="yes"?>
<diagram version="9" type="SAF Operational Context Diagram" baseType="Class Diagram" abbreviation="SAF_O1_OCXD" category="SAF Diagrams">
    <stereotype id="_19_0_1_26f0132_1548401929328_77241_42963"/>
    <requiredPlugin>com.nomagic.magicdraw.plugins.impl.sysml#SysML;MD_customization_for_SysML.mdzip;SAF_Profile.mdzip;UML_Standard_Profile.mdzip</requiredPlugin>
    <helpID>https://github.com/GfSE/SAF-Specification/blob/main/viewpoints/Operational-Context-Definition-Viewpoint.md</helpID>
    <toolbarConfiguration>
        <category name="Common" id="COMMON_ELEMENTS_STATIC" expandedByDefault="false">
            <icon type="small" size="16" filename="mdp://resource/com/nomagic/magicdraw/icons/packagenode.png"></icon>
            <icon type="large" size="16" filename="mdp://resource/com/nomagic/magicdraw/icons/packagenode.svg"></icon>
            <actions>
                <group>
                    <standard action="ADD_NOTE" shortcut="pressed N "/>
                    <standard action="ADD_NOTE_ANCHOR" shortcut="pressed H "/>
                </group>
                <standard action="ADD_COMMENT"/>
                <custom type="com.nomagic.uml2.ext.magicdraw.classes.mdkernel.Comment" description="Problem" listAsElement="false" opposite="false" id="IDaction_1161258471734_623304_0">
                    <stereotype id="_11_5EAPbeta_be00301_1147421421037_25607_638"/>
                </custom>
                <custom type="com.nomagic.uml2.ext.magicdraw.classes.mdkernel.Comment" description="Rationale" listAsElement="false" opposite="false" id="IDaction_1161258490265_865153_0">
                    <stereotype id="_11_5EAPbeta_be00301_1147421401018_777370_546"/>
                </custom>
                <custom type="com.nomagic.uml2.ext.magicdraw.classes.mdkernel.Comment" description="Element Group" listAsElement="false" opposite="false" id="IDaction_1392204622179_642598_0">
                    <stereotype id="_17_0_5beta_17530432_1382588727729_600191_12925"/>
                </custom>
                <group>
                    <standard action="CONSTRAINT_ACTION"/>
                    <standard action="DURATION_CONSTRAINT_ACTION"/>
                    <standard action="TIME_CONSTRAINT_ACTION"/>
                </group>
                <group>
                    <standard action="ADD_CONTAINMENT_LINK" shortcut="shift pressed C "/>
                    <standard action="ADD_CONTAINMENT_LINK_OPPOSITE" shortcut="shift pressed K "/>
                </group>
                <group>
                    <custom type="com.nomagic.uml2.ext.magicdraw.classes.mddependencies.Abstraction" description="Abstraction" shortcut="pressed T " listAsElement="false" opposite="false" id="IDaction_1336037660788_456573_0"/>
                </group>
                <standard action="ADD_DEPENDENCY" shortcut="shift pressed D "/>
                <custom type="com.nomagic.uml2.ext.magicdraw.classes.mddependencies.Abstraction" description="Allocate" listAsElement="false" opposite="false" id="IDaction_1161258505703_142954_0">
                    <stereotype id="_11_5EAPbeta_be00301_1147866646230_488749_1541"/>
                    <defaults>
                        <PropertyVisitorAcceptor xmlns:xmi="http://www.omg.org/spec/XMI/20131001">
                            <mdElement elementClass="PropertyManager">
<mdElement elementClass="ChoiceProperty">
    <propertyID>visibility</propertyID>
    <value>public</value>
    <choice xmi:value="public^private^protected^package"/>
    <index xmi:value="0"/>
</mdElement>
                            </mdElement>
                        </PropertyVisitorAcceptor>
                    </defaults>
                </custom>
                <standard action="ADD_REALIZE" shortcut="pressed E "/>
                <standard action="ADD_DIAGRAM_OVERVIEW"/>
                <standard action="ADD_DIAGRAM_LEGEND"/>
                <standard action="ADD_TEXT_BOX" shortcut="pressed X "/>
                <group>
                    <standard action="ADD_SEPARATOR" shortcut="pressed W "/>
                    <standard action="ADD_SEPARATOR_VERTICAL"/>
                    <standard action="ADD_RECTANGULAR_SHAPE" shortcut="shift pressed Q "/>
                </group>
            </actions>
        </category>
        <category name="SAF Operational Context Definition" id="action_category_1156164534125_948326_0" expandedByDefault="true">
            <icon type="small" size="16" filename="mdp://resource/com/nomagic/magicdraw/sysml/icons/diagrams/blockdefinitiondiagram.png"></icon>
            <icon type="large" size="16" filename="mdp://resource/com/nomagic/magicdraw/sysml/icons/diagrams/blockdefinitiondiagram.svg"></icon>
            <actions>
                <standard action="ADD_PACKAGE" shortcut="pressed P "/>
                <custom type="com.nomagic.uml2.ext.magicdraw.classes.mdkernel.Class" description="Operational Context" listAsElement="false" opposite="false" id="IDaction_1700431390839_776148_0">
                    <stereotype id="_19_0_3_26f0132_1581502754179_833407_156439"/>
                </custom>
                <custom type="com.nomagic.uml2.ext.magicdraw.classes.mdkernel.Class" description="Operational Performer" listAsElement="false" opposite="false" id="IDaction_1700431430400_423035_1">
                    <stereotype id="_19_0_3_26f0132_1581501489077_870542_155174"/>
                </custom>
                <standard action="ADD_LINK" shortcut="shift pressed L "/>
                <standard action="ADD_DIRECTED_COMPOSITION"/>
                <standard action="ADD_GENERALIZATION" shortcut="pressed G "/>
                <group>
                    <standard action="ADD_USAGE" shortcut="pressed U "/>
                    <standard action="ADD_USAGE_OPPOSITE" shortcut="shift pressed U "/>
                </group>
            </actions>
        </category>
    </toolbarConfiguration>
    <icon type="small" size="16" filename="mdp://resource/com/nomagic/magicdraw/sysml/icons/diagrams/blockdefinitiondiagram.png"></icon>
    <icon type="diagraming" size="-1" filename="mdp://resource/com/nomagic/magicdraw/sysml/icons/diagrams/blockdefinitiondiagram.svg"></icon>
    <module name="MD_customization_for_SysML.mdzip" location="C:\Program Files\magicdraw\md_baseline_prj_GenericStandardBaseline\profiles\MD_customization_for_SysML.mdzip">
        <root id="_12_0EAPbeta_be00301_1156851270584_552173_1"/>
    </module>
    <module name="SAF_Profile.mdzip" location="D:\saf\saf\SAF_Profile.mdzip">
        <root id="_19_0_1_26f0132_1547201695683_137485_42117"/>
    </module>
    <module name="UML_Standard_Profile.mdzip" location="C:\Program Files\magicdraw\md_baseline_prj_GenericStandardBaseline\profiles\UML_Standard_Profile.mdzip">
        <root id="magicdraw_uml_standard_profile_v_0001"/>
    </module>
    <manipulators>
        <stereotype id="_19_0_3_26f0132_1581502754179_833407_156439" name="SAF_OperationalContext"/>
        <path action="ADD_DIRECTED_COMPOSITION">
            <target>IDaction_1700431430400_423035_1</target>
        </path>
    </manipulators>
    <manipulators>
        <stereotype id="_19_0_3_26f0132_1581501489077_870542_155174" name="SAF_OperationalPerformer"/>
        <path action="ADD_DIRECTED_COMPOSITION">
            <target>IDaction_1700431430400_423035_1</target>
        </path>
        <path action="ADD_GENERALIZATION">
            <target>IDaction_1700431430400_423035_1</target>
        </path>
    </manipulators>
</diagram>
