<?xml version="1.0" encoding="UTF-8" standalone="yes"?>
<diagram version="9" type="SAF Operational Capability Diagram" baseType="Class Diagram" abbreviation="SAF_O2_OCYD" category="SAF Diagrams">
    <stereotype id="_19_0_3_26f0132_1601643834849_398612_8169"/>
    <requiredPlugin>com.nomagic.magicdraw.plugins.impl.sysml#SysML;UML_Standard_Profile.mdzip;SAF_Profile.mdzip</requiredPlugin>
    <helpID>https://github.com/GfSE/SAF-Specification/blob/main/viewpoints/Operational-Capability-Viewpoint.md</helpID>
    <toolbarConfiguration>
        <category name="Common" id="COMMON_ELEMENTS_STATIC" expandedByDefault="false">
            <icon type="small" size="16" filename="mdp://resource/com/nomagic/magicdraw/icons/packagenode.png"></icon>
            <icon type="large" size="16" filename="mdp://resource/com/nomagic/magicdraw/icons/packagenode.svg"></icon>
            <actions>
                <group>
                    <standard action="ADD_NOTE" shortcut="pressed N "/>
                    <standard action="ADD_NOTE_ANCHOR" shortcut="pressed H "/>
                </group>
                <standard action="ADD_COMMENT"/>
                <custom type="com.nomagic.uml2.ext.magicdraw.classes.mdkernel.Comment" description="Problem" listAsElement="false" opposite="false" id="IDaction_1161258471734_623304_0">
                    <stereotype id="_11_5EAPbeta_be00301_1147421421037_25607_638"/>
                </custom>
                <custom type="com.nomagic.uml2.ext.magicdraw.classes.mdkernel.Comment" description="Rationale" listAsElement="false" opposite="false" id="IDaction_1161258490265_865153_0">
                    <stereotype id="_11_5EAPbeta_be00301_1147421401018_777370_546"/>
                </custom>
                <custom type="com.nomagic.uml2.ext.magicdraw.classes.mdkernel.Comment" description="Element Group" listAsElement="false" opposite="false" id="IDaction_1392204622179_642598_0">
                    <stereotype id="_17_0_5beta_17530432_1382588727729_600191_12925"/>
                </custom>
                <group>
                    <standard action="CONSTRAINT_ACTION"/>
                    <standard action="DURATION_CONSTRAINT_ACTION"/>
                    <standard action="TIME_CONSTRAINT_ACTION"/>
                </group>
                <group>
                    <standard action="ADD_CONTAINMENT_LINK" shortcut="shift pressed C "/>
                    <standard action="ADD_CONTAINMENT_LINK_OPPOSITE" shortcut="shift pressed K "/>
                </group>
                <group>
                    <custom type="com.nomagic.uml2.ext.magicdraw.classes.mddependencies.Abstraction" description="Abstraction" shortcut="pressed T " listAsElement="false" opposite="false" id="IDaction_1336037660788_456573_0"/>
                </group>
                <standard action="ADD_DEPENDENCY" shortcut="shift pressed D "/>
                <custom type="com.nomagic.uml2.ext.magicdraw.classes.mddependencies.Abstraction" description="Allocate" listAsElement="false" opposite="false" id="IDaction_1161258505703_142954_0">
                    <stereotype id="_11_5EAPbeta_be00301_1147866646230_488749_1541"/>
                    <defaults>
                        <PropertyVisitorAcceptor xmlns:xmi="http://www.omg.org/spec/XMI/20131001">
                            <mdElement elementClass="PropertyManager">
<mdElement elementClass="ChoiceProperty">
    <propertyID>visibility</propertyID>
    <value>public</value>
    <choice xmi:value="public^private^protected^package"/>
    <index xmi:value="0"/>
</mdElement>
                            </mdElement>
                        </PropertyVisitorAcceptor>
                    </defaults>
                </custom>
                <standard action="ADD_REALIZE" shortcut="pressed E "/>
                <standard action="ADD_DIAGRAM_OVERVIEW"/>
                <standard action="ADD_DIAGRAM_LEGEND"/>
                <standard action="ADD_TEXT_BOX" shortcut="pressed X "/>
                <group>
                    <standard action="ADD_SEPARATOR" shortcut="pressed W "/>
                    <standard action="ADD_SEPARATOR_VERTICAL"/>
                    <standard action="ADD_RECTANGULAR_SHAPE" shortcut="shift pressed Q "/>
                </group>
            </actions>
        </category>
        <category name="SAF Capability Diagram" id="action_category_1156164534125_948326_0" expandedByDefault="true">
            <icon type="small" size="16" filename="mdp://resource/com/nomagic/magicdraw/sysml/icons/diagrams/blockdefinitiondiagram.png"></icon>
            <icon type="large" size="16" filename="mdp://resource/com/nomagic/magicdraw/sysml/icons/diagrams/blockdefinitiondiagram.svg"></icon>
            <actions>
                <custom type="com.nomagic.uml2.ext.magicdraw.classes.mdkernel.Class" description="Operational Capability" listAsElement="false" opposite="false" id="IDaction_1702308032400_39825_0">
                    <stereotype id="_19_0_3_8710274_1581676828664_176399_54365"/>
                </custom>
                <custom type="com.nomagic.uml2.ext.magicdraw.classes.mdkernel.Association" description="Operational Capability Composition" listAsElement="false" opposite="false" id="IDaction_1702308884782_835826_0">
                    <stereotype id="_19_0_3_6d8019d_1600160576148_12235_366"/>
                    <style>
                        <PropertyVisitorAcceptor xmlns:xmi="http://www.omg.org/spec/XMI/20131001">
                            <mdElement elementClass="PropertyManager">
<mdElement elementClass="ColorProperty">
    <propertyID>FILL_COLOR</propertyID>
    <value xmi:value="-52"/>
</mdElement>
<mdElement elementClass="BooleanProperty">
    <propertyID>USE_FILL_COLOR</propertyID>
</mdElement>
<mdElement elementClass="ColorProperty">
    <propertyID>PEN_COLOR</propertyID>
    <value xmi:value="-12434878"/>
</mdElement>
<mdElement elementClass="ColorProperty">
    <propertyID>TEXT_COLOR</propertyID>
    <value xmi:value="-16777216"/>
</mdElement>
<mdElement elementClass="NumberProperty">
    <propertyID>LINE_WIDTH</propertyID>
    <value xmi:value="1.0"/>
</mdElement>
<mdElement elementClass="FontProperty">
    <propertyID>FONT</propertyID>
    <fontName>Arial</fontName>
    <size xmi:value="11"/>
    <style xmi:value="0"/>
</mdElement>
<mdElement elementClass="BooleanProperty">
    <propertyID>SHOW_NUMBER_TAG_NAME</propertyID>
</mdElement>
<mdElement elementClass="ChoiceProperty">
    <propertyID>ELEMENT_NUMBER_DISPLAY_MODE</propertyID>
    <value>ELEMENT_NUMBER_DISPLAY_MODE_NO_DISPLAY</value>
    <choice xmi:value="ELEMENT_NUMBER_DISPLAY_MODE_ABOVE^ELEMENT_NUMBER_DISPLAY_MODE_BEFORE^ELEMENT_NUMBER_DISPLAY_MODE_NO_DISPLAY"/>
    <index xmi:value="2"/>
</mdElement>
<mdElement elementClass="ChoiceProperty">
    <propertyID>LINK_LINE_STYLE</propertyID>
    <value>RECTILINEAR</value>
    <choice xmi:value="RECTILINEAR^OBLIQUE^BEZIER"/>
    <index xmi:value="0"/>
</mdElement>
<mdElement elementClass="BooleanProperty">
    <propertyID>IS_ROUNDED</propertyID>
</mdElement>
<mdElement elementClass="ChoiceProperty">
    <propertyID>CONSTRAINT_TEXT_MODE</propertyID>
    <value>EXPRESSION_MODE</value>
    <choice xmi:value="NAME_MODE^EXPRESSION_MODE^NAME_EXPRESSION_MODE"/>
    <index xmi:value="1"/>
</mdElement>
<mdElement elementClass="ChoiceProperty">
    <propertyID>SUSPEND_SHAPE_AUTO_RESIZE</propertyID>
    <value>SUSPEND_SHAPE_AUTO_RESIZE_SAME_AS_DIAGRAM</value>
    <choice xmi:value="SUSPEND_SHAPE_AUTO_RESIZE_SAME_AS_DIAGRAM^SUSPEND_SHAPE_AUTO_RESIZE_TRUE^SUSPEND_SHAPE_AUTO_RESIZE_FALSE"/>
    <index xmi:value="0"/>
</mdElement>
<mdElement elementClass="ChoiceProperty">
    <propertyID>SUSPEND_LABEL_AUTO_DISPLAY</propertyID>
    <value>SUSPEND_LABEL_AUTO_DISPLAY_SAME_AS_DIAGRAM</value>
    <choice xmi:value="SUSPEND_LABEL_AUTO_DISPLAY_SAME_AS_DIAGRAM^SUSPEND_LABEL_AUTO_DISPLAY_TRUE^SUSPEND_LABEL_AUTO_DISPLAY_FALSE"/>
    <index xmi:value="0"/>
</mdElement>
<mdElement elementClass="ChoiceProperty">
    <propertyID>LABEL_ORIENTATION</propertyID>
    <value>LABEL_ORIENTATION_HORIZONTAL</value>
    <choice xmi:value="LABEL_ORIENTATION_HORIZONTAL^LABEL_ORIENTATION_VERTICAL^LABEL_ORIENTATION_AUTOMATIC"/>
    <index xmi:value="0"/>
</mdElement>
<mdElement elementClass="ColorProperty">
    <propertyID>STEREOTYPE_COLOR</propertyID>
    <value xmi:value="-16777216"/>
</mdElement>
<mdElement elementClass="FontProperty">
    <propertyID>STEREOTYPE_FONT</propertyID>
    <fontName>Arial</fontName>
    <size xmi:value="11"/>
    <style xmi:value="0"/>
</mdElement>
<mdElement elementClass="BooleanProperty">
    <propertyID>WRAP_WORDS</propertyID>
</mdElement>
<mdElement elementClass="BooleanProperty">
    <propertyID>SHOW_NAME</propertyID>
    <value xmi:value="true"/>
</mdElement>
<mdElement elementClass="ChoiceProperty">
    <propertyID>STEREOTYPES_DISPLAY_MODE</propertyID>
    <value>STEREOTYPE_DISPLAY_MODE_TEXT</value>
    <choice xmi:value="STEREOTYPE_DISPLAY_MODE_TEXT_AND_ICON^STEREOTYPE_DISPLAY_MODE_TEXT^STEREOTYPE_DISPLAY_MODE_ICON^STEREOTYPE_DISPLAY_MODE_DO_NOT_DISPLAY_STEREOTYPES"/>
    <index xmi:value="1"/>
</mdElement>
<mdElement elementClass="ChoiceProperty">
    <propertyID>DSL_STEREOTYPE_DISPLAY_MODE</propertyID>
    <value>DSL_STEREOTYPE_DISPLAY_MODE_ALL</value>
    <choice xmi:value="DSL_STEREOTYPE_DISPLAY_MODE_ALL^DSL_STEREOTYPE_DISPLAY_MODE_LAST^DSL_STEREOTYPE_DISPLAY_MODE_NONE"/>
    <index xmi:value="0"/>
</mdElement>
<mdElement elementClass="BooleanProperty">
    <propertyID>SHOW_TAGGED_VALUES</propertyID>
    <value xmi:value="true"/>
</mdElement>
<mdElement elementClass="BooleanProperty">
    <propertyID>SHOW_ELEMENT_PROPERTIES</propertyID>
</mdElement>
<mdElement elementClass="BooleanProperty">
    <propertyID>SHOW_ICONS_IN_COMPARTMENTS</propertyID>
    <value xmi:value="true"/>
</mdElement>
<mdElement elementClass="BooleanProperty">
    <propertyID>SHOW_ELEMENT_TYPE_IN_COMPARTMENTS</propertyID>
</mdElement>
<mdElement elementClass="BooleanProperty">
    <propertyID>SHOW_DERIVED_SIGN</propertyID>
</mdElement>
<mdElement elementClass="BooleanProperty">
    <propertyID>SHOW_CONVEYED_A</propertyID>
    <value xmi:value="true"/>
</mdElement>
<mdElement elementClass="BooleanProperty">
    <propertyID>SHOW_CONVEYED_B</propertyID>
    <value xmi:value="true"/>
</mdElement>
<mdElement elementClass="BooleanProperty">
    <propertyID>SHOW_CONSTRAINTS</propertyID>
    <value xmi:value="true"/>
</mdElement>
<mdElement elementClass="BooleanProperty">
    <propertyID>SHOW_ASSOCIATION_DIRECTION_ICON</propertyID>
</mdElement>
<mdElement elementClass="BooleanProperty">
    <propertyID>SHOW_ID_FOR_CONVEYED_ITEM</propertyID>
    <value xmi:value="true"/>
</mdElement>
<mdElement elementClass="BooleanProperty">
    <propertyID>SHOW_ID_OF_INFORMATION_FLOW</propertyID>
</mdElement>
<mdElement elementClass="BooleanProperty">
    <propertyID>SHOW_NAME_OF_INFORMATION_FLOW</propertyID>
</mdElement>
                            </mdElement>
                        </PropertyVisitorAcceptor>
                    </style>
                    <defaults>
                        <PropertyVisitorAcceptor xmlns:xmi="http://www.omg.org/spec/XMI/20131001">
                            <mdElement elementClass="PropertyManager">
<mdElement elementClass="ChoiceProperty">
    <propertyID>END_A.aggregation</propertyID>
    <propertyGroup>END_A</propertyGroup>
    <value>composite</value>
    <choice xmi:value="none^shared^composite"/>
    <index xmi:value="2"/>
</mdElement>
                            </mdElement>
                        </PropertyVisitorAcceptor>
                    </defaults>
                </custom>
                <standard action="ADD_GENERALIZATION" description="Generalization" shortcut="pressed G "/>
                <standard action="ADD_PACKAGE" shortcut="pressed P "/>
                <custom type="com.nomagic.uml2.ext.magicdraw.classes.mddependencies.Dependency" description="Operational Capability Dependency" listAsElement="false" opposite="false" id="IDaction_1702309135959_108610_2">
                    <stereotype id="_19_0_3_6d8019d_1600678873153_400736_372"/>
                    <style>
                        <PropertyVisitorAcceptor xmlns:xmi="http://www.omg.org/spec/XMI/20131001">
                            <mdElement elementClass="PropertyManager">
<mdElement elementClass="ColorProperty">
    <propertyID>FILL_COLOR</propertyID>
    <value xmi:value="-52"/>
</mdElement>
<mdElement elementClass="BooleanProperty">
    <propertyID>USE_FILL_COLOR</propertyID>
</mdElement>
<mdElement elementClass="ColorProperty">
    <propertyID>PEN_COLOR</propertyID>
    <value xmi:value="-12434878"/>
</mdElement>
<mdElement elementClass="ColorProperty">
    <propertyID>TEXT_COLOR</propertyID>
    <value xmi:value="-16777216"/>
</mdElement>
<mdElement elementClass="NumberProperty">
    <propertyID>LINE_WIDTH</propertyID>
    <value xmi:value="1.0"/>
</mdElement>
<mdElement elementClass="FontProperty">
    <propertyID>FONT</propertyID>
    <fontName>Arial</fontName>
    <size xmi:value="11"/>
    <style xmi:value="0"/>
</mdElement>
<mdElement elementClass="BooleanProperty">
    <propertyID>SHOW_NUMBER_TAG_NAME</propertyID>
</mdElement>
<mdElement elementClass="ChoiceProperty">
    <propertyID>ELEMENT_NUMBER_DISPLAY_MODE</propertyID>
    <value>ELEMENT_NUMBER_DISPLAY_MODE_NO_DISPLAY</value>
    <choice xmi:value="ELEMENT_NUMBER_DISPLAY_MODE_ABOVE^ELEMENT_NUMBER_DISPLAY_MODE_BEFORE^ELEMENT_NUMBER_DISPLAY_MODE_NO_DISPLAY"/>
    <index xmi:value="2"/>
</mdElement>
<mdElement elementClass="ChoiceProperty">
    <propertyID>LINK_LINE_STYLE</propertyID>
    <value>OBLIQUE</value>
    <choice xmi:value="RECTILINEAR^OBLIQUE^BEZIER"/>
    <index xmi:value="1"/>
</mdElement>
<mdElement elementClass="BooleanProperty">
    <propertyID>IS_ROUNDED</propertyID>
</mdElement>
<mdElement elementClass="ChoiceProperty">
    <propertyID>CONSTRAINT_TEXT_MODE</propertyID>
    <value>EXPRESSION_MODE</value>
    <choice xmi:value="NAME_MODE^EXPRESSION_MODE^NAME_EXPRESSION_MODE"/>
    <index xmi:value="1"/>
</mdElement>
<mdElement elementClass="ChoiceProperty">
    <propertyID>SUSPEND_SHAPE_AUTO_RESIZE</propertyID>
    <value>SUSPEND_SHAPE_AUTO_RESIZE_SAME_AS_DIAGRAM</value>
    <choice xmi:value="SUSPEND_SHAPE_AUTO_RESIZE_SAME_AS_DIAGRAM^SUSPEND_SHAPE_AUTO_RESIZE_TRUE^SUSPEND_SHAPE_AUTO_RESIZE_FALSE"/>
    <index xmi:value="0"/>
</mdElement>
<mdElement elementClass="ChoiceProperty">
    <propertyID>SUSPEND_LABEL_AUTO_DISPLAY</propertyID>
    <value>SUSPEND_LABEL_AUTO_DISPLAY_SAME_AS_DIAGRAM</value>
    <choice xmi:value="SUSPEND_LABEL_AUTO_DISPLAY_SAME_AS_DIAGRAM^SUSPEND_LABEL_AUTO_DISPLAY_TRUE^SUSPEND_LABEL_AUTO_DISPLAY_FALSE"/>
    <index xmi:value="0"/>
</mdElement>
<mdElement elementClass="ChoiceProperty">
    <propertyID>LABEL_ORIENTATION</propertyID>
    <value>LABEL_ORIENTATION_HORIZONTAL</value>
    <choice xmi:value="LABEL_ORIENTATION_HORIZONTAL^LABEL_ORIENTATION_VERTICAL^LABEL_ORIENTATION_AUTOMATIC"/>
    <index xmi:value="0"/>
</mdElement>
<mdElement elementClass="ColorProperty">
    <propertyID>STEREOTYPE_COLOR</propertyID>
    <value xmi:value="-16777216"/>
</mdElement>
<mdElement elementClass="FontProperty">
    <propertyID>STEREOTYPE_FONT</propertyID>
    <fontName>Arial</fontName>
    <size xmi:value="11"/>
    <style xmi:value="0"/>
</mdElement>
<mdElement elementClass="BooleanProperty">
    <propertyID>WRAP_WORDS</propertyID>
</mdElement>
<mdElement elementClass="BooleanProperty">
    <propertyID>SHOW_NAME</propertyID>
    <value xmi:value="true"/>
</mdElement>
<mdElement elementClass="ChoiceProperty">
    <propertyID>STEREOTYPES_DISPLAY_MODE</propertyID>
    <value>STEREOTYPE_DISPLAY_MODE_TEXT</value>
    <choice xmi:value="STEREOTYPE_DISPLAY_MODE_TEXT_AND_ICON^STEREOTYPE_DISPLAY_MODE_TEXT^STEREOTYPE_DISPLAY_MODE_ICON^STEREOTYPE_DISPLAY_MODE_DO_NOT_DISPLAY_STEREOTYPES"/>
    <index xmi:value="1"/>
</mdElement>
<mdElement elementClass="ChoiceProperty">
    <propertyID>DSL_STEREOTYPE_DISPLAY_MODE</propertyID>
    <value>DSL_STEREOTYPE_DISPLAY_MODE_ALL</value>
    <choice xmi:value="DSL_STEREOTYPE_DISPLAY_MODE_ALL^DSL_STEREOTYPE_DISPLAY_MODE_LAST^DSL_STEREOTYPE_DISPLAY_MODE_NONE"/>
    <index xmi:value="0"/>
</mdElement>
<mdElement elementClass="BooleanProperty">
    <propertyID>SHOW_TAGGED_VALUES</propertyID>
    <value xmi:value="true"/>
</mdElement>
<mdElement elementClass="BooleanProperty">
    <propertyID>SHOW_ELEMENT_PROPERTIES</propertyID>
</mdElement>
<mdElement elementClass="BooleanProperty">
    <propertyID>SHOW_ICONS_IN_COMPARTMENTS</propertyID>
    <value xmi:value="true"/>
</mdElement>
<mdElement elementClass="BooleanProperty">
    <propertyID>SHOW_ELEMENT_TYPE_IN_COMPARTMENTS</propertyID>
</mdElement>
<mdElement elementClass="BooleanProperty">
    <propertyID>SHOW_DERIVED_SIGN</propertyID>
</mdElement>
<mdElement elementClass="BooleanProperty">
    <propertyID>SHOW_CONVEYED_A</propertyID>
    <value xmi:value="true"/>
</mdElement>
<mdElement elementClass="BooleanProperty">
    <propertyID>SHOW_CONVEYED_B</propertyID>
    <value xmi:value="true"/>
</mdElement>
<mdElement elementClass="BooleanProperty">
    <propertyID>SHOW_CONSTRAINTS</propertyID>
    <value xmi:value="true"/>
</mdElement>
                            </mdElement>
                        </PropertyVisitorAcceptor>
                    </style>
                </custom>
            </actions>
        </category>
    </toolbarConfiguration>
    <icon type="small" size="16" filename="mdp://resource/com/nomagic/magicdraw/sysml/icons/diagrams/blockdefinitiondiagram.png"></icon>
    <icon type="diagraming" size="-1" filename="mdp://resource/com/nomagic/magicdraw/sysml/icons/diagrams/blockdefinitiondiagram.svg"></icon>
    <module name="UML_Standard_Profile.mdzip" location="C:\tools\magicdraw\md_baseline_prj_GenericStandardBaseline\profiles\UML_Standard_Profile.mdzip">
        <root id="magicdraw_uml_standard_profile_v_0001"/>
    </module>
    <module name="SAF_Profile.mdzip" location="C:\tools\magicdraw\md_baseline_prj_GenericStandardBaseline\profiles\SAF_Profile.mdzip">
        <root id="_19_0_1_26f0132_1547201695683_137485_42117"/>
    </module>
    <elementstyle name="Class">
        <PropertyVisitorAcceptor xmlns:xmi="http://www.omg.org/spec/XMI/20131001">
            <mdElement elementClass="PropertyManager">
                <mdElement elementClass="ChoiceProperty">
                    <propertyID>STEREOTYPES_DISPLAY_MODE</propertyID>
                    <value>STEREOTYPE_DISPLAY_MODE_DO_NOT_DISPLAY_STEREOTYPES</value>
                    <choice xmi:value="STEREOTYPE_DISPLAY_MODE_TEXT_AND_ICON^STEREOTYPE_DISPLAY_MODE_TEXT^STEREOTYPE_DISPLAY_MODE_ICON^STEREOTYPE_DISPLAY_MODE_SHAPE_IMAGE_AND_TEXT^STEREOTYPE_DISPLAY_MODE_SHAPE_IMAGE^STEREOTYPE_DISPLAY_MODE_DO_NOT_DISPLAY_STEREOTYPES"/>
                    <index xmi:value="5"/>
                </mdElement>
                <mdElement elementClass="ChoiceProperty">
                    <propertyID>SHOW_ASSOCIATION_ENDS_MODE</propertyID>
                    <propertyGroup>ATTRIBUTES</propertyGroup>
                    <value>WITHOUT_ASSOCIATION</value>
                    <choice xmi:value="ALL^WITHOUT_ASSOCIATION^DO_NOT_DISPLAY"/>
                    <index xmi:value="1"/>
                </mdElement>
                <mdElement elementClass="BooleanProperty">
                    <propertyID>SUPPRESS_CLASS_OPERATIONS</propertyID>
                    <propertyGroup>OPERATIONS</propertyGroup>
                    <value xmi:value="true"/>
                </mdElement>
            </mdElement>
        </PropertyVisitorAcceptor>
    </elementstyle>
    <elementstyle name="AssociationClass">
        <PropertyVisitorAcceptor xmlns:xmi="http://www.omg.org/spec/XMI/20131001">
            <mdElement elementClass="PropertyManager">
                <mdElement elementClass="ChoiceProperty">
                    <propertyID>STEREOTYPES_DISPLAY_MODE</propertyID>
                    <value>STEREOTYPE_DISPLAY_MODE_DO_NOT_DISPLAY_STEREOTYPES</value>
                    <choice xmi:value="STEREOTYPE_DISPLAY_MODE_TEXT_AND_ICON^STEREOTYPE_DISPLAY_MODE_TEXT^STEREOTYPE_DISPLAY_MODE_ICON^STEREOTYPE_DISPLAY_MODE_SHAPE_IMAGE_AND_TEXT^STEREOTYPE_DISPLAY_MODE_SHAPE_IMAGE^STEREOTYPE_DISPLAY_MODE_DO_NOT_DISPLAY_STEREOTYPES"/>
                    <index xmi:value="5"/>
                </mdElement>
            </mdElement>
        </PropertyVisitorAcceptor>
    </elementstyle>
    <manipulators>
        <element>com.nomagic.uml2.ext.magicdraw.classes.mdkernel.Package</element>
        <path action="ADD_CONTAINMENT_LINK_OPPOSITE">
            <target>ADD_PACKAGE</target>
        </path>
        <path action="ADD_PACKAGE_IMPORT_RELATIONSHIP"/>
        <path action="ADD_ELEMENT_IMPORT"/>
        <path action="ADD_NOTE_ANCHOR">
            <target>ADD_NOTE</target>
            <target>ADD_COMMENT</target>
            <target>IDaction_1161258471734_623304_0</target>
            <target>IDaction_1161258490265_865153_0</target>
        </path>
    </manipulators>
    <manipulators>
        <stereotype id="_19_0_3_8710274_1581676828664_176399_54365" name="SAF_OperationalCapability"/>
        <path action="IDaction_1702309135959_108610_2">
            <target>IDaction_1702308032400_39825_0</target>
        </path>
        <path action="IDaction_1702308884782_835826_0">
            <target>IDaction_1702308032400_39825_0</target>
        </path>
        <path action="ADD_GENERALIZATION">
            <target>IDaction_1702308032400_39825_0</target>
        </path>
    </manipulators>
    <manipulators>
        <stereotype id="_11_5EAPbeta_be00301_1147873190330_159934_2220" name="Requirement"/>
        <path action="ADD_NOTE_ANCHOR">
            <target>ADD_NOTE</target>
            <target>ADD_COMMENT</target>
            <target>IDaction_1161258471734_623304_0</target>
            <target>IDaction_1161258490265_865153_0</target>
        </path>
    </manipulators>
</diagram>
