<?xml version="1.0" encoding="UTF-8" standalone="yes"?>
<resourceDescriptor critical="false" date="24-10-17" description="SAF Profile 1.0,&#xA;Provider Name: mac." group="mac Resource" homePage="" id="75377" mdVersionMax="higher" mdVersionMin="19.0" name="SAF" product="SAF" restartMagicdraw="true" type="Profile">
    <version human="1.0" internal="100010" resource="1000100"/>
    <provider email="" homePage="https://saf.gfse.org" name="A.Haarer"/>
    <edition>Reader</edition>
    <edition>Community</edition>
    <edition>Standard</edition>
    <edition>Professional Java</edition>
    <edition>Professional C++</edition>
    <edition>Professional C#</edition>
    <edition>Professional</edition>
    <edition>Architect</edition>
    <edition>Enterprise</edition>

	<requiredResource id="1440" name="SysML">
		<minVersion internal="1900010" human="19.0 SP3" />
	</requiredResource>

	<installation>	
		<file
			from="data/defaults/data/diagrams/SAF Operational Context Diagram/descriptor.xml"
			to="data/defaults/data/diagrams/SAF Operational Context Diagram/descriptor.xml"
		/>
		<file
			from="data/defaults/data/diagrams/SAF Operational Performer Diagram/descriptor.xml"
			to="data/defaults/data/diagrams/SAF Operational Performer Diagram/descriptor.xml"
		/>
		<file
			from="data/defaults/data/diagrams/SAF Operational Story Diagram/descriptor.xml"
			to="data/defaults/data/diagrams/SAF Operational Story Diagram/descriptor.xml"
		/>
		<file
			from="data/defaults/data/diagrams/SAF Operational Process Diagram/descriptor.xml"
			to="data/defaults/data/diagrams/SAF Operational Process Diagram/descriptor.xml"
		/>
		<file
			from="data/defaults/data/diagrams/SAF Operational Capability Diagram/descriptor.xml"
			to="data/defaults/data/diagrams/SAF Operational Capability Diagram/descriptor.xml"
		/>
		<file
			from="data/defaults/data/diagrams/SAF Operational Domain Item Diagram/descriptor.xml"
			to="data/defaults/data/diagrams/SAF Operational Domain Item Diagram/descriptor.xml"
		/>
		<file
			from="data/defaults/data/diagrams/SAF Operational Domain Item Table/descriptor.xml"
			to="data/defaults/data/diagrams/SAF Operational Domain Item Table/descriptor.xml"
		/>
		<file
			from="data/defaults/data/diagrams/SAF Physical Internal Exchange Table/descriptor.xml"
			to="data/defaults/data/diagrams/SAF Physical Internal Exchange Table/descriptor.xml"		
		/>
		<file
			from="data/defaults/data/diagrams/SAF Grid Overview Table/descriptor.xml"
			to="data/defaults/data/diagrams/SAF Grid Overview Table/descriptor.xml"		
		/>
		<file
			from="data/defaults/data/diagrams/SAF Concept Diagram/descriptor.xml"
			to="data/defaults/data/diagrams/SAF Concept Diagram/descriptor.xml"		
		/>
		<file
			from="profiles/SAF_Profile.mdzip"
			to="profiles/SAF_Profile.mdzip"
		/>	
		<file
			from="profiles/SAF_SCM_Profile.mdzip"
			to="profiles/SAF_SCM_Profile.mdzip"
		/>	
		<file
			from="samples/SAF/SAF_FFDS.mdzip"
			to="samples/SAF/SAF_FFDS.mdzip"
		/>	
		<file
			from="samples/SAF/Library.mdzip"
			to="samples/SAF/Library.mdzip"
		/>	
		<file
			from="samples/SAF/SAF_Library.mdzip"
			to="samples/SAF/SAF_Library.mdzip"
		/>	
		<file
			from="templates/SAF Blank/SAF Blank.xml"
			to="templates/SAF Blank/SAF Blank.xml"
		/>	
		<file
			from="templates/SAF Blank/SAF_Banner.png"
			to="templates/SAF Blank/SAF_Banner.png"
		/>	
		<file
			from="templates/SAF Blank/SAF Blank.png"
			to="templates/SAF Blank/SAF Blank.png"
		/>	
		<file
			from="templates/SAF Blank/SAF Blank.mdzip"
			to="templates/SAF Blank/SAF Blank.mdzip"
		/>	
		<file
			from="templates/SAF Blank/description.html"
			to="templates/SAF Blank/description.html"
		/>	
		<file
			from="templates/SAF Blank/SAF Blank.html"
			to="templates/SAF Blank/SAF Blank.html"
		/>	

		<file
			from="templates/SAF Predefined Structure/SAF Predefined Structure.xml"
			to="templates/SAF Predefined Structure/SAF Predefined Structure.xml"
		/>	
		<file
			from="templates/SAF Predefined Structure/SAF_Banner.png"
			to="templates/SAF Predefined Structure/SAF_Banner.png"
		/>	
		<file
			from="templates/SAF Predefined Structure/SAF Predefined Structure.png"
			to="templates/SAF Predefined Structure/SAF Predefined Structure.png"
		/>	
		<file
			from="templates/SAF Predefined Structure/SAF Predefined Structure.mdzip"
			to="templates/SAF Predefined Structure/SAF Predefined Structure.mdzip"
		/>	
		<file
			from="templates/SAF Predefined Structure/description.html"
			to="templates/SAF Predefined Structure/description.html"
		/>	
		<file
			from="templates/SAF Predefined Structure/SAF Predefined Structure.html"
			to="templates/SAF Predefined Structure/SAF Predefined Structure.html"
		/>	

	</installation>

</resourceDescriptor>
